asr,cecamro,ipa,partOfSpeech,middle,old,meaning,Notes
ačat̄ú,,atʃəˈθu,verb,hačat̄ú,hajat̄u,fail ,
acečú,,atsɛˈtʃu,verb,haceciyú,haceciyu,pretend; act; perform ,
ačelmáŋ,,atʃɛlˈmaŋ,adjective; adverb,hačelmáŋ,hajelmaŋ,bored ,
ačómŋ,,əˈtʃomŋ̍,adjective; adverb,hačómŋ,hačom'ŋ,deprived; starved ,
áda,,ˈadə,noun,ádai,aidai,number,
adapú,,adəˈpu,verb,hadapú,hadapu,answer; reply ,
adivá,,adɪˈva,noun,hadibá,hadiba,next one ,
adivámpya,,adɪˈvampjə,noun,hadibámbya,hadibambiya,tomorrow ,
adiváŋ,,adɪˈvaŋ,adjective; adverb,hadibáŋ,hadibaŋ,next ,
adivášda,,adɪˈvaʃdə,adjective; adverb,hadibáššedai,hadibaš'sedai,P.M. ,
adivášŋ,,adɪˈvaʃŋ̍,adjective; adverb,hadibášŋ,hadibaš'ŋ,late ,
adíŋ,,əˈdiŋ,adjective; adverb,hadíŋ,hadiŋ,final; last; ultimate ,
ádaki,,ˈadəkɪ,noun,ádakid,aidaikid,math,
akiknú,,akɪkˈnu,verb,hakidkinú,hakidkinu,hide; obscure; keep,to keep a secret
adú,,əˈdu,verb,adú,aidu,count; number,
áfle,,ˈaflɛ,noun,áfle,ab'fle,cloak; robe,
afóŋ,,əˈfoŋ,adjective; adverb,hafóŋ,hafoŋ,free; liberated,free of limitations; liberated
afú,,əˈfu,verb,hafú,hafu,free; liberate; release ,
agramíŋ,,aɡɾəˈmiŋ,adjective; adverb,hageramíŋ,hageramiŋ,light; airy ,
axanú,,aχəˈnu,verb,hahanú,hahanu,fill ,
ái,1,ˈaɪ,noun; pronoun,ái,ai,one,
akifú,,akɪˈfu,verb,hakifú,hakifu,restrain; hold back,
akík,,əˈkik,noun,hakík,hakik',appearance ,
akíkŋ,,əˈkikŋ̍,adjective; adverb,hakíkŋ,hakik'ŋ,seemingly ,
akiŋké,,akɪŋˈke,noun,hakiŋké,hakinke,income; pay; salary; wage ,
akláŋ,,əˈklaŋ,adjective; adverb,hakaláŋ,hakalaŋ,temporary ,
aknám,,əkˈnam,noun,hakinámo,hakinamo,recipient ,
aknomú,,aknɔˈmu,verb,hakanomú,hakanomu,forget ,
aknú,,əkˈnu,verb,hakinú,hakinu,receive; take; get ,
akokíŋ,,akɔˈkiŋ,adjective; adverb,hakokíŋ,hakokiŋ,cheap; inexpensive ,
akóŋ,,əˈkoŋ,adjective; adverb,hakekóŋ,hakekoŋ,free,free of charge
ákra,,ˈakɾə,noun,ákra,'k'ra,way; direction; road; path,
akú,,əˈku,verb,hakikú,hakiku,seem; appear; look ,
akvíno,,akˈvinɔ,adjective; adverb,hakovíno,hakovino,few; little ,
akvixóŋ,,akvɪˈχoŋ,adjective; adverb,hakovixóŋ,hakovixoŋ,quiet ,
akyašóŋ,,acəˈʃoŋ,adjective; adverb,hagyašóŋ,hagyašoŋ,difficult; hard; adverse ,
ám,,ˈam,noun,ám,amo,being; god; deity; spirit; person,
ambacú,,ambəˈtsu,verb,hanabacú,hanabacu,pull ,
ambalóŋ,,ambəˈloŋ,adjective; adverb,hanabalóŋ,hanabaloŋ,wrong; incorrect ,
ambaráŋ,,ambəˈɾaŋ,adjective; adverb,hanambairáŋ,hanamabairaŋ,purple ,
améŋ,,əˈmeŋ,adjective; adverb,haméŋ,hameŋ,tired; sleepy ,
ámfe,,ˈam.fe,noun,ámfe,amfe,family member; gender-neutral sibling,
amlátama,,əmˈlatəma,noun,hamelátama,hamelatama,bedroom ,
amnaráŋ,,amnəˈɾaŋ,adjective; adverb,hanomaráŋ,hanomaraŋ,melancholy ,
amnéŋ,,əmˈneŋ,adjective; adverb,haminéŋ,hamineŋ,abstract ,
amnú,,əmˈnu,verb,hamenú,hamenu,sleep,to fall asleep
animú,,anɪˈmu,verb,hanimú,hanimu,give up ,
ámro,,ˈamɾɔ,noun,ámmro,amomoro,Amro language,
amyóŋ,,əmˈjoŋ,adjective; adverb,hamoyóŋ,hamoyoŋ,slow; gradual ,
anampyáŋ,,anəmpjaŋ,adjective; adverb,hanambyáŋ,hanambiyaŋ,nighttime ,
anaráŋ,,anəˈɾaŋ,adjective; adverb,hanaráŋ,hanaraŋ,sad; upset ,
anášŋ,,əˈnaʃŋ̍,adjective; adverb,hanášŋ,hanaš'ŋ,different ,
ánč,,ˈantʃ,preposition; adverb,ánča,anja,since,ever since
ančánč,,ənˈtʃantʃ,noun,hančánč,hanjanj,finger; toe,colloquial
ančántebuš,,ənˈtʃantɛbuʃ,noun,hančantebuš,hanjantebuš,toe ,
ančárgaca,,ənˈtʃaɾɡətsa,noun,hančargacái,hanjargacai,leaf ,
ančárgaš,,ənˈtʃaɾɡəʃ,noun,hančargáš,hanjargaš,hand ,
ančú,,ənˈtʃu,verb,hančú,hanju,end; finish ,
anháŋkinam,,ənˈhaŋkɪnãm,noun,hanohákinamo,hanohakinamo,victim; casualty ,
amnavráŋ,,amnəˈvɾaŋ,adjective; adverb,hanimabairáŋ,hanimabairaŋ,black ,
amnáye,,əmˈnajɛ,noun,hanimáye,hanimaye,darkness ,
amnéŋka,,əmˈneŋkə,noun,haniménka,hanimenka,shadow; silhouette ,
anórŋ,,əˈnoɾŋ̍,adjective; adverb,hanórŋ,hanor'ŋ,bad ,
antewóm,,antɛˈwom,noun,hanutewóm,hanutewomba,shoe ,
antóŋ,,ənˈtoŋ,adjective; adverb,hanotóŋ,hanotoŋ,old; aged ,
anú,,əˈnu,verb,hanú,hanu,empty ,
aŋkinám,,əŋkɪˈnam,noun,hanokinámo,hanokinamo,criminal; culprit; evildoer ,
áŋkna,,ˈaŋknə,noun,ámkana,amokana,Amokana,
apáŋ,,əˈpaŋ,adjective; adverb,hapáŋ,hapaŋ,unknown; secret ,
aphadú,,aɸəˈdu,verb,hapadú,hapadu,not know ,
aphí,,əˈɸi,preposition,hapí,hapi,outside ,
aphíco,,əˈɸitso,preposition,hapíco,hapico,out of ,
apláŋ,,əˈplaŋ,adjective; adverb,hapláŋ,hapalaŋ,abnormal; strange; weird ,
aptoyú,,əptɔˈju,verb,hatepoyú,hatepoyu,fall,
árga,,ˈaɾɡə,noun,árga,arga,grip ,
argáš,,əɾˈɡaʃ,noun,argáš,argaš,arm ,
argašú,,aɾɡəˈʃu,verb,argašú,argašu,hug; embrace,
argú,,əɾˈɡu,verb,argú,argu,grab,
arók,,əˈɾok,noun,haróka,har̄oka,chaos; disorder; pandemonium ,
áš,,ˈaʃ,noun,áš,aš',equality; sameness ,
áša,,ˈaʃə,preposition; adjective; adverb,háša,haša,without,
áškva,,ˈaʃkvə,noun,ášavka,ašavka,organization; group ,
ašníkŋ,,əʃˈnikŋ̍,adjective; adverb,hašuníkŋ,hašunik'ŋ,blind ,
ašnikú,,aʃnɪˈku,verb,hašunikú,hašuniku,blind ,
ášŋ,,ˈaʃŋ̍,adjective; adverb,ášŋ,aš'ŋ,same; equal ,
ašoxú,,aʃɔˈχu,verb,haškoxú,haškoxu,relax; destress; calm,
aspáŋ,,əsˈpaŋ,adjective; adverb,hacepáŋ,hacepaŋ,false; fake; untrue; fictional ,
aspú,,əsˈpu,verb,hacepú,hacepu,fake; lie ,
áf,,ˈaf,noun,áve,abe,wall,
ávka,,ˈavkə,noun,ávka,abv'k',government; administration; leadership; head ,
ávkike,,ˈavkɪkɛ,noun,ávkiŋke,abv'kiŋke,tax ,
awómafle,,əˈwoməflɛ,noun,hawómaffle,hawomab'fle,underwear ,
bacú,,bəˈtsu,verb,bacú,abacu,push,
báfe,,ˈbafɛ,noun,báffe,babfe,sister ,
bakrí,,bəˈkɾi,noun,bakrí,abakri,completion ,
bakríŋ,,bəˈkɾiŋ,adjective; adverb,bakríŋ,abakriŋ,complete; full ,
bakrú,,bəˈkɾu,verb,bakrú,abakru,complete,
bál,,ˈbal,noun; pronoun,bála,bala,zero; nothing; none; no,
bám,,bam,pronoun,bam,bamo,I; me ,
bánto,,ˈbantɔ,noun,bánto,banto,attitude; spirit; principle ,
banú,,bəˈnu,verb,banú,abanu,plan; prepare,
basó,,bəˈso,noun,baséo,baseo,woman; female ,
basóŋ,,bəˈsoŋ,adjective; adverb,baseóŋ,baseoŋ,female ,
báskoš,,bəsˈkoʃ,noun,baskóvša,baskovša,wife ,
bášŋ,,ˈbaʃŋ̍,adjective; adverb,bášŋ,baš'ŋ,surprised; impressed ,
be,,bɛ,definite article,be,be,the ,
bén,,ˈben,noun,béna,bena,situation; condition ,
bíl,,ˈbil,noun,bílo,bilo,sugarcane ,
bló,,ˈblo,noun,baló,balo,whole ,
blóŋ,,ˈbloŋ,adjective; adverb,balóŋ,baloŋ,true; credible; correct; right; verified; official ,
blór,,ˈbloɾ,noun,balór,abalor,advice; suggestion ,
blórŋ,,ˈbloɾŋ̍,adjective; adverb,balórŋ,abalor'ŋ,right; correct; good,
brá,,ˈbɾa,noun,burái,burai,place; location ,
brášŋ,,ˈbɾaʃŋ̍,adjective; adverb,burášŋ,buraš'ŋ,close,close in proximity
brú,,ˈbɾu,verb,burú,buru,locate; place,
ča,,tʃə,preposition,ča,ča,for,"dedication, favor"
cavár,,tsəˈvaɾ,noun,cabáira,cabaira,green ,
cavráŋ,,tsəˈvɾaŋ,adjective; adverb,cabairáŋ,cabairaŋ,green ,
čacú,,tʃəˈtsu,verb,čacú,jacu,chew; grind; crush; smash,
cafít̄ŋ,,tsəˈfiθŋ̍,adjective; adverb,canfít̄ŋ,canfit̄'ŋ,eventually; sometime; ever,at some point
cahí,,tsəˈhi,noun,cayí,cayi,fruit ,
čálimne,,ˈtʃalɪmnɛ,noun,čálmine,čalmine,clay ,
čalimnú,,tʃalɪmˈnu,verb,čalminú,čalminu,mold; shape; bend,
čamtá,,tʃəmˈta,noun,čamtá,j'mta,furniture ,
cán,,ˈtsan,noun,cán,can,something,
cáŋ,,ˈtsaŋ,adjective; adverb,cáŋ,caŋ,some,something unspecified
čáŋka,,ˈtʃaŋkə,noun,čámka,čam'ka,door; gate; portal ,
čár,,ˈtʃaɾ,noun,ciyár,ciyar',game ,
čarú,,tʃəˈɾu,noun,ciyarú,ciyaru,play,to have fun
cáš,,ˈtsaʃ,noun,cáya,caya,period; interval,
čáš,,ˈtʃaʃ,noun,čáš,jacuš,teeth ,
čát̄,,ˈtʃaθ,noun,čát̄,jat̄,success ,
čat̄ám,,tʃəˈθam,noun,čat̄ámo,jat̄amo,winner ,
cát̄go,,ˈtsaθɡɔ,noun,cát̄ago,cat̄ago,cat; feline ,
cat̄góŋ,,tsəθˈɡõŋ,adjective; adverb,cat̄agóŋ,cat̄agoŋ,feline ,
čat̄ú,,tʃəˈθu,verb,čat̄ú,jat̄u,succeed; win,
ce,,tsɛ,conjunction; preposition,ce,ce,as; than,compared to
čé,,ˈtʃe,noun,čeyá,jeya,bone; foundation; framework ,
céc,,ˈtsets,noun,céca,cec',line ,
cecáŋ,,tsɛˈtsãŋ,adjective; adverb,cecáŋ,cec'ŋ,straight ,
čel̠ál,,tʃɛˈʟal,adverb,čel̠al,jel̠al,likewise,
čélm,,ˈtʃelm,noun,čélma,jel̠ma,excitement; stimulus ,
čelmáŋ,,tʃɛlˈmaŋ,adjective; adverb,čelmáŋ,jelmaŋ,excited; stimulated; hyped; pumped ,
čelmú,,tʃɛlˈmu,verb,čelmú,jelmu,excite ,
cép,,ˈtsep,noun,cépa,cepa,reality; truth ,
cí,,ˈtsi,noun,cí,ciy',action; task; job; project ,
čífe,,ˈtʃifɛ,noun,tífe,tibfe,family; kin ,
číkra,,ˈtʃikɾə,preposition,tíkra,tik'ra,towards; at; for ,
cín,,ˈtsĩn,noun,cín,cin,version; edition; iteration ,
čínta,,ˈtʃĩntə,noun,čínt,jint',rabbit ,
čintú,,tʃɪnˈtu,verb,čintú,jintu,jump; leap ,
cíŋ,,ˈtsĩŋ,adjective; adverb,cíŋ,ciŋ,one; certain,a specified thing
čkóf,,ˈtʃkof,noun,čikóv,jikov,weather ,
cóči,,ˈtsotʃi,adjective; adverb,cóči,coči,almost ,
čóm,,ˈtʃõm,noun,čóm,čom,possession; bearing ,
čomiplú,,tʃɔmɪˈplu,verb,čomipalú,čomipalu,comprise; contain; include,"to consist of, to be made up of"
comnú,,tsɔmˈnu,verb,comenú,comenu,acknowledge; recognize; note ,
čompéŋ,,tʃɔmˈpeŋ,adjective; adverb,čompéŋ,jompeŋ,comfortable; content; satisfied ,
čompú,,tʃɔmˈpu,verb,čompú,jompu,comfort ,
čomú,,tʃɔˈmu,verb,čomú,čomu,have; possess; bear ,
čon,,tʃɔn,conjunction,čon,čon,or ,
cop,,tsɔp,relative pronoun,cop,cop,that; which; who; whom; why,
čopáf,,tʃɔˈpaf,conjunction,čopáv,jopav,instead; rather ,
córŋ,,ˈtsoɾŋ̍,adjective; adverb,cwórŋ,cuor'ŋ,worse ,
čovrú,,tʃɔvˈɾu,verb,čoverú,čoveru,throw ,
ču,,tʃʊ,preposition,ču,ču,at ,
čugán,,tʃʊˈɡan,noun,čugakana,kana-čugon,car,any land vehicle
čugón,,tʃʊˈɡon,noun,čugón,čugon,glider; airplane; helicopter,any air vehicle
čugú,,tʃʊˈɡu,verb,čugú,čugu,drive; operate; fly,
cúwi,,ˈtsuwi,noun; adjective; adverb,cwí,cui,less,
éci,,ˈetsi,noun,ecwí,ecui,least,
cíga,,ˈtsiɡə,conjunction,cwíga,cuiga,less than ,
ecíŋ,,ɛˈtsiŋ,adjective; adverb,ecwíŋ,ecuiŋ,least,
čukt̄e,,ˈtʃukθɛ,preposition,čúkit̄e,čukit̄e,behind ,
čumt̄a,,ˈtʃumθə,preposition,čúmit̄a,čumit̄a,in front of ,
cuyú,,tsʊˈju,verb,cwiyú,cuiyu,decrease; fall ,
dá,,da,noun; pronoun,da,da,it,
dái,2,dai,noun; pronoun,dái,dai,two,
dakáp,,dəˈkap,noun,dakáp,dapkap,order; demand ,
dakapú,,dakəˈpu,verb,dapkapú,dapkapu,order; demand; command ,
dám,,dam,pronoun,dam,damo,he; him; she; her; they; them ,
dáŋ,,daŋ,adjective; adverb,udáŋ,dudaŋ,percussive; rhythmic ,
dáp,,dap,noun,dáp,dap,question; request ,
dapád,,dəˈpad,noun,dahapád,dahapad,mystery; question ,
dapádŋ,,dəˈpadŋ̍,adjective; adverb,dahapádŋ,dahapad'ŋ,mysterious; unknown ,
dáphalo,,ˈdaɸlɔ,noun,dáipalo,daipalo,half ,
daphibú,,daɸɪˈbu,verb,dapibú,dapibu,invite ,
daphíp,,dəˈɸip,noun,dapíb,dapib',invitation ,
dapú,,dəˈpu,verb,dapú,dapu,ask; request; wonder ,
dé,7,de,noun; pronoun,dé,de,seven,
déa,,deə,conjunction,adéa,adea,also; too; as well,
démpya,,ˈdempjə,noun,démbya,dembiya,week ,
di,,dɪ,conjunction,di,di,and ,
divámpya,,dɪˈvampjə,noun,dibámbya,dibambiya,yesterday ,
diváŋ,,dɪˈvaŋ,adjective; adverb,dibáŋ,dibaŋ,previous; previously ,
diváš,,dɪˈvaʃ,preposition,dibáš,dibaš',before ,
divášda,,dɪˈvaʃdə,adjective; adverb,dibáššedai,dibaš'sedai,A.M. ,
divášŋ,,dɪˈvaʃŋ,adjective; adverb,dibášŋ,dibaš'ŋ,early ,
dífe,,ˈdifɛ,noun,díffe,dibfe,brother ,
dikóš,,dɪˈkoʃ,noun,dikóvša,dikovša,husband ,
divá,,dɪˈva,noun,dibá,diba,previous,
do,,dɔ,preposition,do,do,for,in order to; for the purpose of 
dógo,,ˈdoɡɔ,conjunction,dogo,dogo,in case; lest ,
dóphyŋ,,ˈdoɸjŋ̍,adjective; adverb,dóbyŋ,dobiy'ŋ,safe; secure; protected ,
dophyú,,dɔˈɸju,verb,dobyú,dobiyu,defend; protect ,
dóvgo,,ˈdovɡɔ,noun,dóbigo,dobigo,arthropod; bug; insect ,
dú,,du,verb,udú,dudu,drum,to hit a drum or hit something like a drum
dudá,,dʊˈda,noun,dúda,duda,drum ,
dyá,,ɟa,noun,dyá,diya,group ,
dyafít̄,,ɟəˈfiθ,noun,udyafít̄,dudiyafit̄,tempo; beat ,
dyám,,ɟam,pronoun,dyam,dyamo,each other,one another within a group
dyéke,,ˈɟekɛ,noun,adyébke,aidyebke,statistics; data,
é,6,e,noun; pronoun,é,e,six,
éca,,ˈetsə,noun,écai,ecai,tree ,
érgo,,ˈeɾɡɔ,noun,érago,erago,dog ,
ergóŋ,,ɛɾˈɡoŋ,adjective; adverb,eragóŋ,eragoŋ,canine ,
és,,es,noun,ésa,es',size; growth ,
éskitup,,ˈeskɪtʊp,noun,éskitub,eskitub,college; university ,
éskri,,ˈeskɾɪ,preposition,éskri,eskri,throughout; around; surrounding ,
ésplo,,ˈesplɔ,noun,ésipalo,esipalo,character; nature; core characteristic ,
ézve,,ˈesvɛ,conjunction,ésuve,esuve,as if; as though ,
ét̄o,,ˈeθɔ,preposition,et̄o,et̄o,along ,
ézbafe,,ˈezbəfe,noun,esbáffe,esbabfe,mother ,
ézdife,,ˈezdɪfe,noun,esdíffe,esdibfe,father ,
fánta,,ˈfantə,noun,fánta,fanta,decision; choice ,
fantáŋ,,fənˈtaŋ,adjective; adverb,fantáŋ,fantaŋ,chosen ,
fantú,,fənˈtu,verb,fantú,fantu,decide; pick; choose ,
fít̄,,fiθ,noun,fít̄,fit̄',time; occurrence; instance; occasion ,
fit̄ámpe,,fɪˈθampɛ,noun,fit̄ámpe,fit̄ampe,rhythm ,
fit̄ámpya,,fɪˈθampjə,adjective; adverb,fit̄ámbya,fit̄ambiya,today ,
fit̄ó,,fɪˈθo,noun,fit̄ó,fit̄o,middle; center ,
fit̄óš,,fɪˈθoʃ,noun,fit̄óš,fit̄oš,chest; thorax ,
fit̄ói,,fɪˈθoi,noun; adverb,fit̄óya,fit̄oya,present; now; currently ,
fit̄ú,,fɪˈθu,verb,fit̄ú,fit̄u,happen; occur ,
fivú,,fɪˈvu,verb,bapibú,bapibu,leave,to leave behind
flákra,,ˈflakɾə,noun,flákra,flak'r',river; stream; waterway ,
flál̠,,flaʟ,noun,falál̠,falal,surface; face ,
flal̠ú,,fləˈʟu,verb,falal̠ú,falalu,scan; survey ,
fláŋ,,flaŋ,adjective; adverb,faláŋ,falaŋ,shallow; surface-level ,
flátephi,,ˈflatɛɸɪ,noun,flátepoi,flatepoi,rain; waterfall ,
flátiplo,,ˈflatɪplɔ,noun,flatepípalo,flatepipalo,raindrop ,
flé,,fle,noun,aflé,b'fle,fabric,
fléŋ,,fleŋ,adjective; adverb,afléŋ,ab'fleŋ,fabric; knitted,
flú,,flu,verb,flú,b'flu,sew; knit,
flúmne,,ˈflumnɛ,noun,flúmine,flumine,water; liquid ,
flumnú,,flʊmˈnu,verb,flumonú,flumonu,drink ,
flumóŋ,,flʊˈmoŋ,adjective; adverb,flumóŋ,flumoŋ,thirsty ,
fluvár,,flʊˈvaɾ,noun,flubáira,flubaira,blue ,
fluvráŋ,,flʊˈvɾaŋ,adjective; adverb,flubairáŋ,flubairaŋ,blue ,
frósko,,ˈfɾoskɔ,noun,frósko,for̄osko,morality; conscience ,
froskóŋ,,fɾɔsˈkoŋ,adjective; adverb,froskóŋ,for̄oskoŋ,moral ,
froskú,,fɾɔsˈku,verb,froskú,for̄osku,moralize,to make a moral decision
ga,,ɡə,conjunction,ga,ga,than,
gávra,,ˈɡavɾə,pronoun; adjective; adverb,gáburai,gaburai,where ,
gáča,,ˈɡatʃə,pronoun; adjective; adverb,gácaya,gacaya,how long,how long
gáge,,ˈɡaɡɛ,pronoun; adjective; adverb,gáge,gage,what ,
gágo,,ˈɡaɡɔ,pronoun; adjective; adverb,gágo,gago,what if,
gayíŋ,,ɡəˈjiŋ,adjective; adverb,gyáiŋ,gyaiŋ,especially; particularly ,
gákra,,ˈɡakɾə,pronoun; adjective; adverb,gákra,gak'r',which way ,
gám,,ɡam,pronoun; adjective; adverb,gámo,gamo,who ,
gámt̄yo,,ˈɡamθjɔ,pronoun; adjective; adverb,gámat̄yo,gamat̄iyo,how,what feeling
ganomú,,ɡanɔˈmu,verb,gyanomú,gyanomu,overthink ,
gáŋe,,ˈɡaŋɛ,pronoun; adjective; adverb,gábŋe,gab'ŋe,how much ,
gárka,,ˈɡaɾkə,pronoun; adjective; adverb,gárika,gar̄ika,how,what cause/method
gašóŋ,,ɡəˈʃoŋ,adjective; adverb,gyašóŋ,gyašoŋ,easy ,
gašú,,ɡəˈʃu,verb,gyašú,gyašu,facilitate; assist; ease; expedite,
gat̄ošéŋ,,ɡaθɔˈʃeŋ,adjective; adverb,gyat̄ošéŋ,gyat̄ošeŋ,too much ,
gáxon,,ˈɡaχɔn,pronoun; adjective; adverb,gáxon,gaxon,what sound ,
gáyakn,,ˈɡajəkn̍,pronoun; adjective; adverb,gáyakn,gayak'n,when,"also ""at what point"""
gážko,,ˈɡaʒkɔ,pronoun; adjective; adverb,gážuko,gažuko,why ,
gíroven,,ˈɡiɾɔven,adjective; adverb,gíronbena,gironbena,either way; anyway ,
go,,ɡɔ,conjunction,go,go,if ,
gwacú,,ɡwaˈtsu,verb,gohaicú,gohaicu,tempt; attract; seduce ,
govár,,ɡɔˈvaɾ,noun,gobáira,gobaira,red ,
govráŋ,,ɡɔˈvɾaŋ,adjective; adverb,gobairáŋ,gobairaŋ,red ,
govušóŋ,,ɡobʊˈʃoŋ,adjective; adverb,gotebušóŋ,gotebušoŋ,mobile; moveable ,
gocár,,ɡɔˈtsaɾ,noun,gocár,gocar',satisfaction ,
gocarú,,ɡotsəˈɾu,verb,gocarú,gocaru,satisfy; please,to make happy
gócŋ,,ˈɡotsŋ̍,adjective; adverb,gócŋ,goc'ŋ,forced; forceful; hard ,
gočók,,ɡɔˈtʃok,noun,gočók,gojok,blood; essence ,
gocú,,ɡɔˈtsu,verb,gocú,gocu,make; force; compel,
goxác,,ɡɔˈhats,noun,goháic,gohaic',temptation; seduction; attraction ,
gorú,,ɡɔˈɾu,verb,gyorú,gyoru,improve; better ,
gosekú,,ɡosɛˈku,verb,gocaxekú,gocaxeku,damage; hurt; harm ,
gósphi,,ˈɡosɸɪ,noun,góspi,gospi,necessity; need ,
gosphibú,,ɡosɸɪˈbu,verb,gocapibú,gocapibu,dismiss; kick out; ban ,
gosphíŋ,,ɡɔsˈɸiŋ,adjective; adverb,gospíŋ,gospiŋ,necessary ,
gosprú,,ɡɔsˈpɾu,verb,gosprú,gospiru,need ,
got̄anú,,ɡoθəˈnu,verb,gotehanú,gotehanu,kill; destroy ,
gotvú,,ɡotˈvu,verb,gotebú,gotebu,move; transport ,
gramíŋ,,ɡɾəˈmiŋ,adjective; adverb,geramíŋ,geramiŋ,heavy; dense ,
grámne,,ˈɡɾamnɛ,noun,gerámine,geramine,matter; substance; weight ,
gratikú,,ɡɾatɪˈku,verb,geratikú,geratiku,familiarize; adjust,to get used to/accustomed to
gráva,,ˈɡɾavə,noun,gerába,geraba,thing; object ,
grón,,ɡɾon,conjunction,girón,giron,either; any ,
guné,,ɡʊˈne,noun,gúrne,gur'ne,bear ,
há,,ha,noun,há,ha,hole; void; emptiness; negative ,
hávrašŋ,,ˈhavɾəʃŋ̍,adjective; adverb,haburášŋ,haburaš'ŋ,far,"location, as in far away"
hácam,,ˈhatsəm,noun,haceciyámo,haceciyamo,actor; actress; pretender ,
hádivaš,,ˈhadɪvaʃ,preposition,hadibáš,hadibaš',after ,
háf,,haf,noun,háfo,hafo,right; freedom; liberty ,
hágron,,ˈhaɡɾɔn,conjunction,hagirón,hagiron,neither ,
akošáŋ,,hakɔˈʃaŋ,adjective; adverb,hatokovšáŋ,hatokovšaŋ,separate; apart ,
hákvoša,,ˈhakvɔʃa,preposition,hakóvša,hakovša,except; not including ,
hámt̄yo,,ˈhamθjɔ,noun,hanmát̄yo,hanomat̄iyo,ennui,"a feeling of lack of passion, meaning, care, or interest behind one's words or actions "
hámta,,ˈhamtə,noun,hamtá,ham'ta,bed ,
hán,,han,adjective; adverb,hána,hana,not ,
hánampya,,ˈhanəmpja,noun,hanámbya,hanambiya,night ,
hánč,,hantʃ,noun,hánč,hanja,end; finish; tip ,
hánor,,ˈhanɔɾ,noun,hanór,hanor',badness; evil; misfortune; darkness ,
hántevuš,,ˈhantɛvuʃ,noun,hánutebuš,hanutebuš,foot ,
háŋ,,ˈhaŋ,adjective; adverb,háŋ,haŋ,negative; anti ,
háŋka,,ˈhaŋkə,adjective; adverb,hánaka,hanaka,never ,
háš,,haʃ,noun,háš,haš,lack; disability ,
háškok,,ˈhaʃkɔk,noun,haškóx,haškox,relaxation ,
háspam,,ˈhaspəm,noun,hacepámo,hacepamo,faker; liar; fraud ,
huma,,humə,preposition,hawóma,hawoma,under; below ,
humašú,,huməˈʃu,verb,hawomašú,hawomašu,skin; peel ,
háuna,,ˈhaunə,preposition,hawína,hawina,off ,
híčke,,ˈhitʃkɛ,noun,ohíčke,ohičike,telephone; walkie-talkie ,
hú,,hu,verb,ohú,ohu,talk; converse ,
í,,i,noun,íya,iya,food ,
íčke,,ˈitʃkɛ,noun,íčke,ičike,tool; appliance; device ,
idéo,,ɪˈdeɔ,noun,idéo,dideo,man; male ,
idóŋ,,ɪˈdoŋ,adjective; adverb,ideóŋ,dideoŋ,male ,
ík,,ik,noun,ík,ik,image; picture; sight; appearance ,
íkor,,ˈikɔɾ,noun,ikór,aikor,example; instance ,
ikrú,,ɪkˈɾu,verb,ikorú,aikoru,exemplify ,
inák,,ɪˈnak,noun,ikanáka,ikanaka,artwork; visual art ,
íphamro,,ˈiɸəmɾɔ,noun,ípipamro,ipipamoro,letter; glyph; symbol ,
íphsa,,ˈiɸsə,noun,ípicai,ipicai,grass ,
íphya,,ˈiɸjə,noun,ípaya,ipaya,hour ,
íplo,,ˈiplɔ,noun,ípalo,ipalo,part; piece; element; property; aspect; characteristic ,
íplokan,,ˈiplɔkan,noun,ípalokana,ipalokana,state; province; county ,
kál,,kal,noun,káol,kaol,eagle ,
kalšú,,kəlˈʃu,verb,kalaciyú,kalaciyu,continue; persist; persevere ,
kalú,,kəˈlu,verb,kallú,kalalu,keep; maintain; remain; stay ,
kám,,kam,pronoun,kam,kamo,they; them,plural
káma,,ˈkamə,noun,kám,kam,creation ,creation as an activity that one does; mortal creation
kamám,,kəˈmam,noun,kamámo,kamamo,child; offspring; person ,
kamcíŋ,,kəmˈtsiŋ,adjective; adverb,kamacíyŋ,kamaciy'ŋ,improved; developed ,
kámne,,ˈkamnɛ,noun,kánmine,kanamine,ground; earth; soil; land ,
kamnóm,,kəmˈnom,noun,kamnómi,kamnomi,creativity ,
kamóca,,kəˈmotsə,noun,kamocái,kamocai,stem ,
kámpya,,ˈkampjə,noun,kámbya,kambiya,birthday ,
kamšú,,kəmˈʃu,verb,kamaciyú,kamaciyu,improve; develop ,
kamú,,kəˈmu,verb,kamú,kamu,create; make ,
kamxón,,kəmˈχon,noun,kanomxón,kanomoxon,song; recording; tape; track,
kán,,kan,noun,kána,kana,country; nation; land; territory; area ,
kánafle,,ˈkanəfle,noun,kánaffle,kanab'fle,flag; banner ,
kanánč,,kəˈnantʃ,noun,kanahánč,kanahanja,border,border between countries/territories
kanmík,,kənˈmik,noun,kanomík,kanomik,photograph ,
kanóm,,kəˈnom,noun,kanóm,kanomi,memory; recording ,
kanomú,,kanɔˈmu,verb,kanomú,kanomu,remember; record; recognize ,
káŋ,,kaŋ,adjective; adverb,kámŋ,kam'ŋ,manmade; artificial; constructed ,
kár,,kaɾ,noun,kár,kar',work; labour; job ,
káze,,ˈkazɛ,noun,kárze,kar'ze,way; style ,
ké,,ke,noun,kék,kek,value; worth; cost ,monetary value
kéfka,,ˈkefkə,noun,kévka,kev'ka,company; business ,
kekú,,kɛˈku,verb,kekú,keku,cost,to be worth
kékva,,ˈkekva,noun,kékoba,kekoba,money ,
kešnú,,kɛʃˈnu,verb,kešunú,kešunu,afford ,
kíčke,,ˈkitʃkɛ,noun,ikíčke,ikičike,television ,
kidám,,kɪˈdam,noun,kidámo,kidamo,student; scholar; learner ,
kidú,,kɪˈdu,verb,kidú,kidu,learn; study ,
kidyá,,kɪˈɟa,noun,kídya,kidiya,class,group of students
kifú,,kɪˈfu,verb,kifú,kifu,allow; free,
kiknú,,kɪkˈnu,verb,kidkinú,kidkinu,teach; instruct; describe; show; explain,
kinsú,,kɪnˈsu,verb,kinusú,kinusu,reward ,
kinú,,kɪˈnu,verb,kinú,kinu,give; hand ,
knuké,,knʊˈke,noun,kinuké,kinuke,business; trade ,
knukéŋ,,knʊˈkeŋ,adjective; adverb,kinukéŋ,kinukeŋ,economic ,
knukú,,knʊˈku,verb,kinukekú,kinukeku,trade; deal,
kiŋké,,kɪŋˈke,noun,kiŋké,kinke,fee; price ,
kiŋkú,,kɪŋˈku,verb,kiŋkekú,kinkeku,buy; pay ,
kírana,,ˈkiɾəna,noun,kíranai,kiranai,deer; elk ,
kíšla,,ˈkiʃlə,noun,kísla,kisla,blade; cutter,any sharp object
kišlú,,kɪʃˈlu,verb,kíslú,kislu,cut; slice ,
kít,,kit,noun,kíd,kid,learning; knowledge; class; course; study; science ,
kit̄ámpya,,kɪˈθampjə,noun,kit̄ámbya,kit̄ambiya,morning ,
kit̄aphyú,,kiθəˈɸju,verb,kit̄aipyú,kit̄aipiyu,miss; long,
kit̄é,,kɪˈθe,noun,kit̄é,kit̄e,back ,
kit̄éa,,kɪˈθeə,noun,kit̄éya,kit̄eya,past ,
kit̄éš,,kɪˈθeʃ,noun,kit̄éš,kit̄eš,back,body part
kítup,,ˈkitʊp,noun,kitúb,kitub,school,any place of learning
kit̄yáŋ,,kɪθˈjaŋ,adjective; adverb,kit̄eyáŋ,kit̄eyaŋ,ago; past,
kížl̠aš,,ˈkiʒʟəʃ,noun,kižl̠áš,kiž'l̠aš,fur; pelt ,
kl̠ám,,kʟam,noun,kol̠ámo,akol̠amo,king; lord; leader; person of power ,
kl̠ámkan,,ˈkʟamkən,noun,kol̠ámokana,akol̠amokana,kingdom; dynasty; empire ,
kláŋ,,klaŋ,adjective; adverb,kaláŋ,kalaŋ,forever; eternal; maintained; permanent ,
kl̠áŋ,,kʟaŋ,adjective; adverb,kol̠áŋ,akol̠aŋ,powerful; strong ,
klátama,,ˈklatəma,noun,kilátama,kilatama,classroom ,
klígemne,,ˈkliɡɛmne,noun,klígemine,kligemine,slime ,
kl̠ú,,kʟu,verb,kol̠ú,akol̠u,rule; govern; control,
kól̠,,koʟ,noun,kól̠a,akol̠a,power; influence,
kóm,,kom,noun,kóm,akom,creature; organism ,
komcá,,kɔmˈtsa,noun,komcái,akomcai,plant ,
komcú,,kɔmˈtsu,verb,komcú,akomcu,plant ,
komxú,,kɔmˈχu,verb,komoxú,komoxu,shout; yell; scream; bark ,
konášŋ,,kɔˈnaʃŋ̍,adjective; adverb,konášŋ,konaš'ŋ,many different; various; myriad ,
koŋgó,,kɔŋˈɡo,noun,komgó,akomgo,animal ,
kopšík,,kɔpˈʃik,noun,kopsík,kopsik,search; investigation ,
kopškú,,kɔpˈʃku,verb,kopsikú,kopsiku,look; search; investigate ,
kór,,koɾ,noun,kór,kor',presentation; showing ,
korú,,kɔˈɾu,verb,korú,koru,show; present ,
kótup,,ˈkotʊp,noun,kotúb,kotub,town ,
kóvša,,ˈkovʃə,preposition,kóvša,kovša,including ,
krá,,kɾa,noun,krái,k'rai,sense; feeling ,
kramyú,,kɾəmˈju,verb,kramayú,k'ramayu,confuse; confound ,
kranú,,kɾəˈnu,verb,kranú,k'ranu,read ,
kráŋ,,kɾaŋ,adjective; adverb,kráŋ,k'raŋ,readable; legible; literate ,
krayú,,kɾəˈju,verb,krayú,k'rayu,sense; feel ,
kráyuš,,kɾaˈjʊʃ,noun,kráyuš,k'rayuš,nerves; nervous system ,
kret̄ú,,kɾɛˈθu,verb,koret̄ú,koret̄u,guide; show ,
krí,,kɾi,preposition,krí,k'ri,through ,
kríka,,ˈkɾikə,noun,kríka,k'rika,way; technique; process ,
krikú,,kɾɪˈku,verb,krikú,k'riku,look through; search; scan ,
krú,,kɾu,verb,karú,karu,work ,
kú,,ku,verb,ikú,iku,see; watch; look,
kudiváš,,kudɪˈvaʃ,adjective; adverb,kudibáš,kudibaš',then; soon after ,
kuphyakáŋ,,kuɸjəˈkaŋ,adjective; adverb,kubyakáŋ,kubiyakaŋ,right away; immediately ,
kúš,,kuʃ,noun,ikúš,ikuš,eye ,
kuté,,kʊˈte,noun,kúte,kutei,nut,Specifically the kute nuts of central Romulus
kuvyáŋ,,kuvˈjaŋ,adjective; adverb,kubiyáŋ,kubiyaŋ,soon ,
kvamóŋ,,kvəˈmoŋ,adjective; adverb,kovamóŋ,kovamoŋ,social ,
kvifyébke,,kvɪˈfjebkɛ,noun,kovipyébke,kovipiebke,list ,
kvinápta,,kvɪˈnaptə,noun,kovinápta,kovinap'ta,couch ,
kvíno,,ˈkvino,adjective; noun; adverb,kovíno,kovino,many; much; a lot; very,
kvinyáno,,kvɪˈɲano,adjective,kovinyáno,koviniyano,several; multiple; some ,
kvípamro,,ˈkvipəmɾo,noun,kovípamro,kovipamoro,sentence ,
kvíplo,,ˈkviplɔ,noun,kevípalo,kevipalo,stock ,
kvixóŋ,,kvɪˈχoŋ,adjective; adverb,kovixóŋ,kovixoŋ,loud ,
kvokíŋ,,kvɔˈkiŋ,adjective; adverb,kovkíŋ,kov'kiŋ,expensive ,
kyá,,ca,noun,gyá,gya,more,
kyága,,ˈcaɡə,conjunction,gyága,gyaga,more than ,
kyakú,,cəˈku,verb,kyakú,kiyaku,burn ,
kyámne,,ˈcamnɛ,noun,kyámine,kiyamine,fire ,
kyáŋ,,caŋ,adjective; adverb,gyáŋ,gyaŋ,more,
kyášŋ,,ˈcaʃŋ̍,adjective; adverb,gyášŋ,gyaš'ŋ,similar; close ,
kyát̄o,,ˈcaθɔ,adjective; adverb,gyát̄o,gyat̄o,too,"as in ""too loud"" or ""too kind"""
kyavráŋ,,cəˈvɾaŋ,adjective; adverb,kyabaráŋ,kiyabairaŋ,orange ,
kyaxaláŋ,,caχəˈlaŋ,adjective; adverb,kyaxaláŋ,kiyaxalaŋ,hot ,
kyaxaŋkóf,,caχəŋˈkof,noun,kyaxámpakov,kiyaxampakov,summer ,
kyó,,co,noun,kyo,kiyo,power; exponent ,
kyórŋ,,ˈcoɾŋ̍,adjective; adverb,gyórŋ,gyor'ŋ,better ,
kyú,,cu,verb,gyú,gyu,increase; rise ,
lavác,,ləˈvats,noun,bilabác,bilabac',cookie ,
lagán,,ləˈɡan,noun,lagán,lagan,muscle ,
lái,,lai,noun,uláya,ulaya,month ,
l̠akár,,ʟəˈkaɾ,noun,l̠akáro,l̠'karo,name; title ,
lakómna,,ləˈkomnə,noun,lakómna,lakomna,purpose; will; significance ,
l̠akrú,,ʟəˈkɾu,verb,l̠akarú,l̠'karu,name; call ,
lamrí,,ləmˈɾi,noun,lamári,lamari,party; celebration; festival; carnival ,
lamrú,,ləmˈɾu,verb,lamarú,lamaru,party; celebrate ,
l̠anl̠ú,,ʟənˈʟu,verb,l̠anil̠ú,l̠anil̠u,reach; extend ,
látama,,ˈlatəma,noun,látama,latama,room ,
l̠ekál,,ʟɛˈkal,noun,l̠ekál,l̠ekal,measure; scale ,
l̠eklú,,ʟekˈlu,verb,l̠ekalú,l̠ekalu,measure ,
lexó,,lɛˈχo,noun,lénxo,lenxo,sickness; plague; disease; virus ,
lí,,li,adverb,lí,li,yes,
likapú,,likəˈpu,verb,lipkapú,lipkapu,obey; comply,
líŋ,,liŋ,adjective; adverb,líŋ,liŋ,sure; certain ,
líplo,,ˈliplɔ,noun,bilípalo,bilipalo,sugar,sugar granule
le,,lɛ,preposition,loé,loe,between ,
l̠ókm,,ˈʟokm̩,noun,lókm,lokm,Loqm ,
lóma,,ˈlomə,noun,lóma,loma,egg; embryo ,
lomcá,,lɔmˈtsa,noun,lomcái,lomcai,seed; bean; grain ,
lomsayá,,lomsəˈja,noun,lomcáya,lomcaya,bread; cracker,"any food made with grains, seeds or beans"
l̠óna,,ˈʟonə,noun,l̠óna,l̠ona,mistake; error; accident ,
l̠yám,,ʟjam,noun,l̠oyám,l̠oyam,left ,
lyú,,lju,verb,liyú,liyu,agree ,
mái,,mai,noun,imáye,imaye,light ,
míŋ,,miŋ,adjective; adverb,imayéŋ,imayeŋ,bright; light; shiny ,
máŋ,,maŋ,adjective; adverb,omáŋ,omaŋ,long ,
máš,,maʃ,,máže,maje,,
mat̄icá,,maθɪˈtsa,noun,mat̄icái,mat̄icai,flower ,
mat̄icú,,maθɪˈtsu,verb,mat̄icú,mat̄icu,flower; bloom; blossom ,
mat̄ík,,məˈθik,noun,mat̄ík,mat̄ik,beauty ,
mat̄yó,,məˈθjo,noun,mat̄yó,mat̄iyo,emotion ,
mat̄yóš,,məˈθjoʃ,noun,mat̄yóš,mat̄iyoš,heart; core; feelings; love ,
mat̄yú,,məˈθju,verb,mat̄yú,mat̄iyu,feel,To feel an emotion
myú,,mju,verb,imayú,imayu,brighten; shine; polish ,
mbaráŋ,,mbəˈɾaŋ,adjective; adverb,imabairáŋ,imabairaŋ,white ,
mbóf,,mbof,noun,bamóv,abamov,spread; scattering; growth ,
mbóvŋ,,ˈmbovŋ̍,adjective; adverb,bamóvŋ,abamov'ŋ,scattered; spread; spilled ,
mbovú,,mbɔˈvu,verb,bamovú,abamovu,scatter; spread; spill,
mbú,,mbu,verb,bamú,abamu,put,
mío,,mio,noun,méo,ameo,gender; person (gender-neutral),
mise,,mɪˈsɛ,conjunction,miséi,misei,unless ,
mit̄á,,mɪˈθa,noun,mit̄á,mit̄a,front ,
mit̄ái,,mɪˈθai,noun,mit̄áya,mit̄aya,future ,
mit̄ámpya,,mɪˈθampjə,noun,mit̄ámbya,mit̄ambiya,afternoon ,
mit̄yáŋ,,mɪˈθjaŋ,adjective; adverb,mit̄ayáŋ,mit̄ayaŋ,in the future ,
mné,,mne,noun,miné,mine,element; substance; material ,
mnekamáf,,mnekəˈmaf,noun,minekamába,minekamaba,builder,thing
mnekamám,,mnekəˈmam,noun,minekamámo,minekamamo,builder,person
mnekamú,,mnekəˈmu,verb,minekamú,minekamu,build ,
mnéŋ,,mneŋ,adjective; adverb,minéŋ,mineŋ,physical; concrete ,
mnú,,mnu,verb,menú,menu,wake,To be awake
mŋé,,mŋe,noun,bŋé,b'ŋe,amount ,
mokíčke,,mɔˈkitʃkɛ,noun,imotikíčke,aimotikičike,computer ,
mol̠gám,,mɔʟˈɡam,noun,mol̠gám,mol̠gam,debt; favor; request; contract ,
mol̠gámŋ,,mɔʟˈɡamŋ̍,adjective; adverb,mol̠gámŋ,mol̠gam'ŋ,indebted; bound ,
mol̠gamú,,moʟɡəˈmu,verb,mol̠gamú,mol̠gamu,owe,to be indebted to
moŋkú,,mɔŋˈku,verb,monakú,monaku,sing ,
móŋ,,moŋ,adjective; adverb,meóŋ,ameoŋ,gender neutral; non-binary,
moŋkám,,mɔŋˈkam,noun,monakámo,monakamo,singer ,
mór,,moɾ,noun,mór,moro,language; script ,
móš,,moʃ,noun,móš,amoš,body; form ,
móša,,ˈmoʃa,noun,amóvša,amovša,partner; significant other ,
motephšú,,motɛɸˈʃu,verb,motebušú,motebušu,run ,
motí,,mɔˈti,noun,imotíg,aimotik,calculation; computation ,
motík,,mɔˈti,noun,motík,amotik,meeting; introduction ,
imotikáf,,imɔˈtik,noun,imotikába,aimotikaba,calculator ,
imotikú,,ɪmotɪˈku,verb,imotikú,aimotiku,calculate; compute ,
motikú,,motɪˈku,verb,motikú,amotiku,meet ,
motíŋ,,mɔˈtiŋ,adjective; adverb,amotíkŋ,amotik'ŋ,met; familiar ,
movári,,mɔˈvaɾɪ,noun,movári,movari,here ,
mováta,,mɔˈvatə,noun,mováta,movata,there ,
mové,,mɔˈve,noun,mové,move,everywhere ,
moxón,,mɔˈχon,noun,moxón,moxon,voice ,
myóŋ,,mjoŋ,adjective; adverb,moyóŋ,moyoŋ,fast; rapid; quick; sharp ,
mbé,,mbe,noun,mpé,'mpe,pattern; sequence ,
mróš,,mɾoʃ,noun,mróš,moroš,tongue ,
mtá,,mta,noun,bamtá,b'mta,table ,
mtóč,,mtotʃ,adjective; adverb,matóč,matoj,regardless; anyway; anyhow ,
mtú,,mtu,verb,bamtú,b'mtu,set,to set the table
mú,,mu,verb,omú,omu,lengthen ,
naftú,,nəfˈtu,verb,nafetú,nafetu,deal with ,
nák,,nak,noun,unáka,uŋaka,art ,
níšimne,,ˈniʃɪmne,noun,nísimine,nisimine,ice ,
nišláŋ,,nɪʃˈlaŋ,noun,nisiláŋ,nisilaŋ,cold ,
nokáo,,noˈkao,noun,nokáho,nokaho,voice; say; input; power ,
nomámš,,nɔˈmamʃ,noun,nomámoš,nomamoš,self; spirit; soul ,
nomí,,nɔˈmi,noun,nomí,nomi,thought; idea; view; perspective ,
nomíš,,nɔˈmiʃ,noun,nomíš,nomiš,head; mind; brain ,
nomkit̄yáŋ,,nomkɪθˈjaŋ,adjective; adverb,nomkit̄eyáŋ,nomkit̄eyaŋ,nostalgic; reminiscent ,
nomói,,nɔˈmoi,noun,nomóhe,nomohe,rumor; legend ,
nomóš,,nɔˈmoʃ,noun,nommoš,nomimoš,interest; passion ,
nomtikú,,nɔmtɪˈku,verb,nomotikú,nomotiku,figure out; determine,
nomú,,nɔmu,verb,nomú,nomu,believe; think ,
not̄phyú,,nɔθˈɸju,verb,not̄apyú,not̄apiyu,wish; hope; will ,
not̄phí,,nɔθˈɸi,noun,not̄apí,not̄api,hope; will; wish ,
noxú,,nɔˈχu,verb,nokahú,nokahu,express,"To behave outwardly, to speak out"
inú,,ɪnu,verb,inú,inu,exist,
nú,,nu,verb,onú,onu,add ,
oblú,,ɔbˈlu,verb,obalú,obalu,promise; swear ,
ói,,oi,noun,óhe,ohe,conversation ,
óm,,om,noun,óma,oma,length ,
ón,,on,noun,ón,on,addition ,
onskváŋ,,ɔnsˈkvaŋ,adjective; adverb,onskaváŋ,onskavaŋ,another ,
óŋ,,oŋ,adjective; adverb,óŋ,oŋ,additional ,
ór,,oɾ,noun,ór,or',goodness; wellness; fortune ,
óram,,oɾəm,noun,orámo,oramo,friend ,
órŋ,,oɾŋ̍,adjective; adverb,órŋ,or'ŋ,good ,
otám,,ɔˈtam,noun,hotámo,hotamo,child; baby; novice; beginner ,
otamsá,,otəmˈsa,noun,hotamcái,hotamocai,sprout ,
otváŋ,,otˈvaŋ,adjective; adverb,hotibáŋ,hotibaŋ,recently; just ,
otikú,,otɪˈku,verb,hotikú,hotiku,find; discover,
otóŋ,,ɔˈtoŋ,adjective; adverb,hotóŋ,hotoŋ,new; recent; modern ,
pádŋ,,ˈpadŋ̍,adjective; adverb,pádŋ,pad'ŋ,known; understood; familiar; knowledgeable ,
pái,4,pai,noun; pronoun,pái,pai,four ,
pakóf,,pəˈkof,noun,ipakóv,ipakov,season ,
pámro,,ˈpamˈɾɔ,noun,ipámro,ipamoro,word ,
pán,,pan,noun,upáni,upani,experience ,
pát,,pat,noun,pád,pad,knowledge; familiarity ,
páti,,ˈpatɪ,conjunction,páti,pati,whether ,
pé,9,pe,noun; pronoun,pé,pe,nine ,
pha,,ɸə,preposition,pa,pa,of,possession
phanú,,ɸəˈnu,verb,upanú,upanu,experience ,
phašú,,ɸəˈʃu,verb,pasyú,pasiyu,treat; behave; act,
phadám,,ɸəˈdam,noun,padámo,padamo,expert; professional ,
phadú,,ɸəˈdu,verb,padú,padu,know ,
phečú,,ɸɛˈtʃu,verb,pečú,peču,stop; cease ,
phi,,ɸɪ,preposition,pi,pi,in; inside; within ,
phibáso,,ɸɪˈbasɔ,noun,ipibaséo,ipibaseo,girl ,
phícakan,,ˈɸitsəkan,noun,ipícakana,ipicaikana,field; plain; grassland ,
phíco,,ˈɸitsɔ,preposition,píco,pico,into ,
phidéo,,ɸɪˈdeo,noun,ipiddéo,ipidideo,boy ,
phím,,ɸim,noun,akepím,akepim,savings; bank account,
phimró,,ɸɪmˈɾo,noun,ípimro,ipimoro,dialect ,
phimú,,ɸɪˈmu,verb,akepimú,akepimu,save; invest,to put money into something
aphíŋ,,əˈɸiŋ,adjective; adverb,akepíŋ,akepiŋ,saved; invested; put into,
iphíŋ,,ɪˈɸiŋ,adjective; adverb,ipíŋ,ipiŋ,small; simple ,
phíŋ,,ɸiŋ,adjective; adverb,píŋ,piŋ,inner; inside ,
phipái,,ɸɪˈpai,noun,ipipáya,ipipipaya,second ,
phíš,,ɸiʃ,preposition,píša,pisa,among ,
pló,,plo,preposition,paló,p'lo,near ,
phožál,,ɸɔˈʒal,noun,pozayál,pozayal,highest rank; senior; leader; veteran ,
phran,,ɸɾən,preposition,prán,poran,across ,
phsám,,ɸsam,noun,pacámo,pacamo,helper; guide ,
phsú,,ɸsu,verb,pacú,pacu,help; aid; assist ,
phu,,ɸʊ,preposition,fu,fu,for,for a period of time
phwágo,,ˈɸwaɡɔ,noun,wahágo,wahago,bird; kite ,
phwái,,ɸwai,noun,waháya,wahaya,atmosphere; air; wind ,
phwámne,,ˈɸwamnɛ,noun,wahámine,wahamine,air; gas ,
phwáp,,ɸwap,noun,wáp,wap,caution; care ,
phwápŋ,,ˈɸwapŋ̍,adjective; adverb,wápŋ,wap'ŋ,careful; cautious ,
phwéko,,ˈɸwekɔ,noun,wéko,nueko,health; life ,
phwína,,ˈɸwina,preposition,wína,wina,on ,
phwó,,ɸwo,noun,wó,wo,world; realm; planet; Earth; universe ,
phwódomai,,ˈɸwodɔmai,noun,wódomaye,wodomaye,metal ,
phwódomne,,ˈɸwodɔmne,noun,wódomine,wodomine,rock; stone; solid ,
phwófumne,,ˈɸwofʊmne,noun,wóflumine,woflumine,snow; ice ,
phwókan,,ˈɸwokan,noun,wókana,wokana,continent,specifically Romulus
phwómba,,ˈɸwombə,preposition,wómba,awomba,over; above ,
phwómfle,,ˈɸwomflɛ,noun,wómfle,womb'fle,clothing ,
phwómne,,ˈɸwomnɛ,noun,wómine,womine,creation ,"""Creation"" as a spiritual/universal concept - refers specifically to the Kamne of Kamam mythology"
phwóxa,,ˈɸwoχa,noun,wóxak,woxak,motto; mantra; incantation  ,
phyán,,ɸjan,noun,ipiyán,ipipaya,minute ,
phyargáš,,ɸjəɾˈɡaʃ,noun,pyargáš,piyoargaš,lower arm; forearm ,
íphyeke,,ˈiɸjɛke,noun,ipyébke,ipibyebke,note; fact; log; entry ,
phyéphke,,ˈɸjeɸkɛ,noun,byébke,biyebke,information; news ,
phyephkú,,ɸjɛɸˈku,verb,byebkú,biyebku,report; inform,
phyó,,ɸjo,preposition; adverb; noun,pyo,piyo,down; bottom,
phyobekú,,ɸjobɛˈku,verb,pyobyebkú,piyobiyebku,remind ,
phyočú,,ɸjɔˈtʃu,verb,pyociyú,piyociyu,redo; repeat,
phyóple,,ˈɸjoplɛ,noun,pyófle,piyob'fle,pants; skirt; bottoms ,
phyokamú,,ɸjokəˈmu,verb,pyokamú,piyokamu,remake; recreate; renovate,
phyókižl̠aš,,ˈɸjokɪʒʟaʃ,noun,pyókižl̠aš,piyokiž'l̠aš,rug; carpet ,
phyokú,,ɸjɔˈku,verb,pyoikú,piyoiku,check; review; monitor ,
phyonú,,ɸjɔˈnu,verb,pyonú,piyonu,replace ,
phyóŋ,,ɸjoŋ,adjective; adverb,pyóŋ,piyoŋ,low; short ,
phyophašú,,ɸjoɸəˈʃu,verb,pyopasyú,piyopasiyu,react ,
phyotevú,,ɸjotɛˈvu,verb,pyotebú,piyotebu,return ,
phyotephkú,,ɸjotɛɸˈku,verb,pyotebikú,piyotebiku,look back ,
phyoxán,,ɸjɔˈχan,noun,pyoxán,piyoxan,floor; ground ,
phyoxú,,ɸjɔˈχu,verb,pyoxakú,piyoxaku,respond ,
phyoyákn,,ɸjɔˈjakn̍,adjective; adverb,pyoyákn,piyoyak'n,again ,
phyú,,ɸju,verb,pyú,piyú,sit,
kphí,,kɸi,noun,kpí,k'pi,nature ,
kphíŋ,,kɸiŋ,adjective; adverb,kpíŋ,k'piŋ,natural ,
plá,,pla,noun,plá,p'la,normalcy ,
pláŋ,,plaŋ,adjective; adverb,pláŋ,p'laŋ,usual; usually; commonplace; normal; normally; often; oftentimes ,
plú,,plu,verb,ipalú,ipalu,form; constitute; compose,to make up the form of something
pó,,pɔ,preposition; adverb; noun,pói,poi,up; top; maximum; peak,
pófle,,ˈpoflɛ,noun,póifle,poib'fle,shirt; top ,
pókan,,ˈpokən,noun,póikana,poikana,mountain; highland ,
póŋ,,poŋ,adjective; adverb,póiŋ,poiŋ,high; tall ,
pótup,,ˈpotʊp,noun,poitúb,poitub,tower; skyscraper ,
póirgaš,,ˈpoiɾɡəʃ,noun,poyargáš,poyargaš,upper arm; bicep; shoulder ,
pšú,,pʃu,verb,bašú,bašu,surprise; impress,
ptá,,pta,noun,aptá,ap'ta,chair; seat ,
ptóm,,ptom,noun,aptóma,ap'toma,bench ,
pxán,,pχan,noun,poixán,poixan,ceiling ,
rá,,ɾa,noun,ará,ara,happiness; fun; joy ,
rám,,ɾam,noun,rám,r̄am,type; kind; form ,
ramník,,ɾəmˈnik,noun,raminík,r̄aminik,movie; film; video ,
ramnú,,ɾəmˈnu,verb,raminú,r̄aminu,move,"to move oneself, not another object"
ráŋ,,ɾaŋ,adjective; adverb,aráŋ,araŋ,happy; fun; joyful ,
rók,,ɾok,noun,róka,r̄oka,order; peace; tranquility; forgiveness ,
rokú,,ɾɔˈku,verb,rokú,r̄oku,forgive,to make peace
rú,,ɾu,verb,arú,aru,please,
ša,,ʃə,preposition,ša,ša,with ,
sái,5,sai,noun; pronoun,sái,sai,five ,
sákri,,ˈsakɾɪ,preposition,sákri,sakri,around,to go around something
šakú,,ʃəˈku,verb,suyakú,suyaku,focus; concentrate; devote; commit ,
šám,,ʃam,pronoun,šam,šamo,you,singular
sambáfe,,səmˈbafɛ,noun,esambáffe,esambabfe,aunt ,
sámfe,,ˈsamfɛ,noun,esámfe,esamfe,parent; guardian ,
samféŋ,,səmˈfeŋ,adjective; adverb,esamféŋ,esamfeŋ,parental ,
samfú,,səmˈfu,verb,esamfú,esamfu,parent; raise ,
sámpa,,ˈsampə,noun,sámpa,sampa,gratitude; thanks; relief ,
sampáŋ,,səmˈpaŋ,adjective; adverb,sampáŋ,sampaŋ,grateful; thankful; relieved ,
sandífe,,sənˈdifɛ,noun,esamdíffe,esamdibfe,uncle ,
sáŋ,,saŋ,adjective; adverb,esáŋ,esaŋ,big; large; conceptual ,
sé,10,se,noun; pronoun,sé,se,ten ,
secú,,sɛˈtsu,verb,secú,secu,smell ,
sécuš,,ˈsetsʊʃ,noun,sécuš,secuš,nose ,
šekú,,sɛˈku,verb,čaxekú,čaxeku,hurt; suffer ,
síto,,ˈsitɔ,adjective; adverb,séito,seito,only; just; simply ,
sétogo,,ˈsetɔɡo,conjunction,séitogo,seitogo,if; as long as; provided that; only if ,
setóŋ,,sɛˈtoŋ,adjective; adverb,seitóŋ,seitoŋ,alone; solo ,
ši,,ʃɪ,preposition,ši,ši,against ,
ší,,ʃi,noun,súyi,suyi,usage; use case; state of being used ,
šíke,,ˈʃikɛ,noun,síke,sike,ball; circle; oval ,
šínc,,ʃints,noun,sínci,sinci,reason; intelligence ,
šincú,,ʃɪnˈtsu,verb,sincú,sincu,think; ponder; reason ,
šíŋ,,ʃiŋ,adjective,ším,šim,that ,
šížŋ,,ˈʃiʒŋ̍,adjective; adverb,cíyŋ,ciy'ŋ,busy ,
šižú,,ʃɪˈʒu,verb,ciyú,ciyu,do ,
ška,,ʃkə,preposition,žikái,jikai,in the case of; with; for ,
skáv,,skav,noun,skáva,s'kava,other ,
škéŋ,,ʃkeŋ,adjective; adverb,sikéŋ,sikeŋ,round; circular ,
ski,,ski,preposition,ski,s'ki,past ,
skinú,,skɪˈnu,verb,eskinú,eskinu,lose ,
škl̠áŋ,,ʃkʟaŋ,adjective; adverb,škoxáŋ,š'koxaŋ,stressed; stressful; intense ,
škl̠ú,,ʃkʟu,verb,škoxú,š'koxu,stress out ,
sknám,,sknam,noun,skonámo,s'konamo,author; writer; scribe ,
sknú,,sknu,verb,skonú,s'konu,write ,
škó,,ʃko,noun,škóx,š'kox,stress; intensity ,
škógro,,ˈʃkoɡɾɔ,noun,škógro,š'kogr̄o,collection; library ,
škók,,ʃkok,noun,aškóik,aškoik,system; organization ,
škókŋ,,ʃkokŋ̍,adjective; adverb,aškóikŋ,aškoik'ŋ,systemic; organized ,
aškl̠áŋ,,əʃˈkʟaŋ,adjective; adverb,haškoxáŋ,haš'koxaŋ,relaxed; relaxing ,
skóŋ,,skoŋ,adjective; adverb,skóŋ,s'koŋ,written; documented ,
skotváŋ,,skɔˈtvaŋ,adjective; adverb,eskotúbŋ,eskotub'ŋ,urban ,
skótup,,ˈskotʊp,noun,éskotub,eskotub,city ,
škú,,ʃku,verb,žukú,žuku,result in; cause ,
skvámfe,,ˈskvamfɛ,noun,skavámfe,s'kavamfe,cousin ,
skváŋ,,skvaŋ,adjective; adverb,skaváŋ,s'kavaŋ,other ,
kvar,,kvəɾ,preposition,skivári,s'kivari,beyond ,
skyá,,sca,noun,esgyá,esgya,most,
skyáŋ,,scaŋ,adjective; adverb,esgyáŋ,esgyaŋ,most; mostly; largely; generally ,
skyórŋ,,ˈscoɾŋ̍,adjective; adverb,esgyórŋ,esgyorŋ,best ,
šnómi,,ˈʃnomɪ,noun,ešnómi,esnomi,consciousness; understanding; imagination; spirituality ,
šnomú,,ʃnɔˈmu,verb,ešnomú,esnomu,imagine; conceptualize ,
šnošáŋ,,ʃnɔˈʃaŋ,adjective; adverb,ešnošáŋ,esnosaŋ,sacred ,
šnoší,,ʃnɔˈʃi,noun,ešnosí,esnosi,ceremony; ritual ,
šnú,,ʃnu,verb,šunú,šunu,be able ,
šó,,ʃo,noun,šó,šo,possibility ,
šón,,ʃon,noun,šun,šun,ability ,
šóŋ,,ʃoŋ,adjective; adverb,šóŋ,šoŋ,possible ,
sóš,,soʃ,preposition; adverb,súša,suša,with; using; in exchange for; by ,
šotóŋ,,ʃɔˈtoŋ,adjective; adverb,ešahotóŋ,esahotoŋ,ancient; archaic; antique ,
spaféŋ,,spəˈfeŋ,adjective; adverb,esbafféŋ,esbabfeŋ,motherly; maternal ,
spáŋ,,spaŋ,adjective; adverb,cepáŋ,cepaŋ,real; actual; true; genuine; literal ,
spíro,,ˈspiɾo,adjective; adverb,spíro,supiro,still; yet ,
spói,,spoi,noun,espói,espoi,sky ,
spóikna,,ˈspoiknə,noun,espóikana,espoikana,heaven ,
spoknáŋ,,spɔkˈnaŋ,adjective; adverb,espoikanáŋ,espoikanaŋ,heavenly; angelic ,
špónš,,ʃponʃ,conjunction; adverb,sipónža,siponja,whenever; once; when,
spú,,spu,verb,cepú,cepu,reveal; manifest ,
štá,,ʃta,adjective; adverb,štá,ašta,already ,
staphyú,,stəˈɸju,verb,est̄apyú,est̄aipiyu,want; desire; long,
stép,,step,noun,estéb,esteb,journey; voyage; vacation; escape ,
stiféŋ,,stɪˈfeŋ,adjective; adverb,esdifféŋ,esdibfeŋ,fatherly; paternal ,
stumbátup,,stʊmˈbatʊp,noun,stúmbatub,s'tumbatub,house; home; residence,
stumbrú,,stʊmˈbɾu,verb,stumbarú,s'tumbaru,live; reside; dwell ,
sú,,su,verb,esú,esu,grow; expand; enlarge ,
šú,,ʃu,verb,suyú,suyu,use; consume,"also ""to take one's time"", literally to ""use/consume"" time"
své,,sve,adjective; adverb,súve,suve,like; similar to; such as ,
svíš,,sviʃ,preposition,sivíš,siviš',about; regarding; concerning ,
šwéko,,ˈʃwekɔ,noun,ešwéko,esnueko,life; existence ,
šwekóŋ,,ʃwɛˈkoŋ,adjective; adverb,ešwekóŋ,esnuekoŋ,alive; living ,
šwekú,,ʃwɛˈku,verb,ešwekú,esnueku,live,to be alive
swórŋ,,ˈswoɾŋ̍,adjective; adverb,ecwórŋ,ecuorŋ,worst ,
šyá,,ʃja,noun,aškyá,aškiya,schedule; routine; agenda ,
táčla,,ˈtatʃlə,noun,tatúšla,tatušla,needle,any piercing or stabbing object
tačlú,,tətʃˈlu,verb,tatušlú,tatušlu,pierce; stab; penetrate ,
tadiváš,,tadɪˈvaʃ,adjective; adverb,tadibáš,tadibaš',afterwards ,
t̄ái,3,θai,noun; pronoun,t̄ái,t̄ai,three ,
t̄alámŋ,,θəˈlamŋ̍,adjective; adverb,t̄alámŋ,t̄alam'ŋ,soft; gentle ,
t̄ám,,θam,pronoun,t̄am,t̄amo,we; us ,
t̄án,,θan,noun,tehán,tehan,death ,
t̄anú,,θəˈnu,verb,tehanú,tehanu,die,
t̄aphibú,,θaɸɪˈbu,verb,tehapibú,tehapibu,exit; leave; go out; come out ,
taphyá,,təˈɸja,adjective; adverb,tabyá,tabiya,later ,
t̄aphyú,,təˈɸju,verb,t̄apyú,t̄aipiyu,want ,
tatú,,təˈtu,verb,tatú,tatu,poke; prod ,
t̄é,8,θe,noun; pronoun,t̄é,t̄e,eight ,
tebtú,,tɛbˈtu,verb,tebutú,tebutu,attend; go ,
tékra,,ˈtekɾə,noun,tékra,tek'ra,pursuit ,
tekrú,,tɛˈkɾu,verb,tekrú,tek'ru,pursue; hunt; chase ,
tenú,,tɛˈnu,verb,otenú,otenu,function; work; operate ,
tenučú,,tenʊˈtʃu,verb,otenučú,otenuju,activate; turn on; start up ,
téŋka,,ˈteŋkə,noun,ténka,tenka,shape; outline,
tép,,tep,noun,téb,teb,trip; voyage ,
tephyú,,tɛˈɸju,verb,tepoyú,tepoyu,rise ,
tephiváŋa,,teɸɪˈvaŋə,interjection,tepibáŋa,tepibaŋa,welcome; come in,
tephivú,,teɸɪˈvu,verb,tepibú,tepibu,enter; go in; come; arrive ,
tepravú,,tepɾəˈvu,verb,tepirabú,tepirabu,bring ,
tevkú,,tɛvˈku,verb,tebikú,tebiku,visit,
tévšla,,ˈtevʃlə,noun,tebayúšla,tebayušla,dart ,
tevšú,,tɛvˈʃu,verb,tebušú,tebušu,walk ,
tevú,,tɛˈvu,verb,tebú,tebu,go; travel ,
tévuš,,ˈtevʊʃ,noun,tebúš,tebuš,leg ,
tevyú,,tɛvˈju,verb,tebayú,tebayu,fly; float; levitate ,
ti,,tɪ,preposition,ti,ti,to ,
t̄í,,θi,conjunction,t̄i,t̄i,so; therefore; as a result ,
tók,,tok,adjective,tóko,toko,all; every; each ,
tokói,,tɔˈkoi,adjective; adverb,tokóya,tokoya,always ,
tokómfle,,tɔˈkomflɛ,noun,tokómfle,tokob'fle,outfit ,
tokórŋ,,tɔˈkoɾŋ̍,adjective; adverb,tokórŋ,tokor'ŋ,alright; okay,
tokóvša,,tɔˈkovʃə,noun,tokóvša,tokovša,togetherness; unity; company; community; combination; connection ,
tokvimnú,,tokvɪmˈnu,verb,tokovinamú,tokovinamu,gather; congregate; organize ,
tokvinám,,tokvɪˈnam,noun,tokovinámo,tokovinamo,gathering; congregation; society; civilization ,
tokvošám,,tokvɔˈʃam,noun,tokovšámo,tokovšamo,wedding; couple ,married couple
tokvošáŋ,,tokvɔˈʃaŋ,adjective; adverb,tokovšáŋ,tokovšaŋ,together; united ,
tokvošú,,tokvɔˈʃu,verb,tokovšú,tokovšu,combine; join,
t̄óm,,θom,noun,t̄ómo,t̄omo,apology ,
t̄omrú,,θɔmˈɾu,verb,t̄oamrú,t̄oamoru,translate ,
t̄omú,,θɔˈmu,verb,t̄omú,t̄omu,apologize ,
tonyákŋ,,tɔˈɲakŋ̍,adjective,tonyáko,toniyako,some ,
t̄onžú,,θɔnˈʒu,verb,t̄onožú,t̄onožu,realize ,
t̄ópa,,ˈθopə,conjunction,t̄ópa,t̄opa,while; during; as; when; at,at the time of
tór,,toɾ,noun,tór,tor',pole; stand; tripod ,
t̄ošéŋ,,θɔˈʃeŋ,adjective; adverb,t̄ošéŋ,t̄ošeŋ,enough ,
t̄óskva,,ˈθoskvə,conjunction,t̄óskava,t̄oskava,whereas ,
t̄otíš,,θɔˈtiʃ,noun,t̄otíž,t̄otiž',effect; result; consequence; influence ,
t̄otížŋ,,θɔˈtiʒŋ,adjective; adverb,t̄otížŋ,t̄otiž'ŋ,affected; influenced ,
t̄otižú,,θotɪˈʒu,verb,t̄otižú,t̄otižu,affect; influence ,
tóp,,top,noun,túb,tub,building ,
tvára,,ˈtvaɾə,noun,tabáira,tabaira,color ,
t̄wáf,,θwaf,noun,t̄owáv,t̄owav,change ,
t̄wáš,,θwaʃ,noun,t̄owáž,t̄owaž,effect; result ,
t̄wativú,,θwatɪˈvu,verb,t̄owativú,t̄owativu,become ,
t̄wavú,,θwəˈvu,verb,t̄owavú,t̄owavu,change ,
t̄wažú,,θwəˈʒu,verb,t̄owažú,t̄owažu,affect ,
t̄yám,,θjam,noun,t̄ayám,t̄ayam,right ,
t̄yó,,θjo,noun,ot̄yó,ot̄iyo,smile ,
t̄yóš,,θjoʃ,noun,ot̄yóš,ot̄iyoš,mouth ,
t̄yú,,θju,verb,ot̄yú,ot̄iyu,smile ,
ú,,u,verb,ú,u,be ,
úča,,ˈutʃə,noun,úč,uj,start; beginning ,
účŋ,,ˈutʃŋ̍,adjective; adverb,účŋ,uj'ŋ,first; initial ,
učú,,ʊˈtʃu,verb,učú,uju,start; begin ,
ulá,,ʊˈla,noun,úla,ula,moon ,
va,,və,preposition,va,va,from; of; by ,
vác,,vats,noun,bác,abac',push,
vák,,vak,noun,vák,vak',organization; comittee ,
vakáŋ,,vəˈkaŋ,adjective; adverb,avkáŋ,abv'k'ŋ,political; governmental; administrative ,
vakú,,vəˈku,verb,avkú,abv'ku,govern; lead,
ván,,van,noun,aván,aban,plan; strategy,
váŋ,,vaŋ,adjective; adverb,aváŋ,abaŋ,planned; prepared,
vasá,,vaˈsa,noun,avasá,avasa,importance; significance; meaning; value; worth ,
vasáŋ,,vəˈsaŋ,adjective; adverb,avasáŋ,avasaŋ,important; significant; meaningful ,
vast̄ú,,vəsˈθu,verb,vast̄ú,vast̄u,heal ,
vasú,,vəˈsu,verb,avasú,avasu,mean; signify; represent; matter,"to stand for, to mean something"
venyán,,vɛˈɲan,noun,venyán,venyan,complexity; detail; nuance ,
vlorú,,vlɔˈɾu,verb,avalorú,abaloru,advise; suggest,
vlói,,ˈvloi,noun,avalóya,abaloya,year,
vlú,,vlu,verb,avalú,abalu,prove,
vronóš,,vɾɔˈnoʃ,noun,bronóž,b'r̄onož',understanding; comprehension ,
vronóžŋ,,vɾɔˈnozŋ̍,adjective; adverb,bronóžŋ,b'r̄onož'ŋ,understood ,
vronožú,,vɾonɔˈʒu,verb,bronožú,b'r̄onožu,understand; comprehend,
vužú,,vʊˈʒu,verb,vužú,vužu,buzz; hum ,
wayú,,wəˈju,verb,wahayú,wahayu,blow ,
wekín,,wɛˈkin,noun,wekín,nuekin,medicine; health ,
wekíŋ,,wɛˈkiŋ,adjective; adverb,wekíŋ,nuekiŋ,medical ,
wodóŋ,,wɔˈdoŋ,adjective; adverb,wodóŋ,wodoŋ,hard; solid ,
woflú,,wɔˈflu,verb,woflú,woflu,freeze; snow ,
woxánč,,wɔˈχantʃ,noun,wohánč,wohanj,cliff; bluff; edge ,
wokái,,wɔˈkai,noun,bokái,bokai,mark; stain; smudge ,
wolé,,wɔˈle,noun,wóle,wole,box; square; rectangle ,
woléŋ,,wɔˈleŋ,adjective; adverb,woléŋ,woleŋ,square; rectangular ,
phwóm,,ɸwom,noun,awóm,awomba,covering; layer; clothing,
phwómaš,,ˈɸwoməʃ,noun,awómaš,awombaš,skin ,
wombú,,wɔmˈbu,verb,awombú,awombu,cover; wrap,
wompítam,,wɔmˈpitəm,noun,wombipítama,wombipitama,closet ,
xavekú,,χavɛˈku,verb,xabyebkú,xabyebku,announce; state ,
xádo,,ˈχadɔ,noun,xákdob,xakdob,military ,
xák,,χak,noun,xák,xak,speech; words; story; tale; communication ,
xákŋ,,ˈχakŋ̍,adjective; adverb,xákŋ,xak'ŋ,spoken ,
xakoxú,,χakɔˈχu,verb,xakyohú,xakyohu,argue; dispute ,
xakú,,χəˈku,verb,xakú,xaku,say; tell; speak ,
xákya,,ˈχacə,noun,xákya,xakya,fight; conflict; tension; war ,
xakyú,,χəˈcu,verb,xakyú,xakyu,attack; fight; offend ,
xálfle,,ˈχalflɛ,noun,xálaffle,xalab'fle,blanket; bed cover ,
xalflú,,χəlˈflu,verb,xalafflú,xalab'flu,blanket ,
xambórŋ,,χəmˈboɾŋ̍,interjection,xambórŋ,xambiyor'ŋ,good day; good afternoon,
xambráŋ,,χəmˈbɾaŋ,adjective; adverb,xambaráŋ,xambairaŋ,yellow ,
xámi,,ˈχamɪ,noun,xámbi,xambi,sun ,
xámpya,,ˈχampjə,noun,xámbya,xambiya,day ,
xampyáŋ,,χəmˈpjaŋ,adjective; adverb,xambyáŋ,xambiyaŋ,daytime ,
xán,,χan,adverb,xán,xan,no ,
xapófle,,χəˈpoflɛ,noun,xapóifle,xapoifle,coat; jacket; sweater ,
xatvínbra,,χətˈvinbɾə,noun,xatovínaburai,xatovinaburai,military base; headquarters; base of operations ,
xáx,,χaχ,interjection,xáx,xax,shit; fuck,general expletive for when upset or frustrated
xaláŋ,,χəˈlaŋ,adjective; adverb,xaláŋ,xalaŋ,warm ,
xó,,χo,noun,axó,axo,origin; source; base ,
xóca,,ˈχotsə,noun,axócai,axocai,root ,
xočón,,χɔˈtʃon,noun,xočón,xočon,problem ,
xofú,,χɔˈfu,verb,xofú,xofu,should; must ,
xoknóŋ,,χɔkˈnoŋ,adjective; adverb,xokonóŋ,xokonoŋ,tainted; poisoned; ruined ,
xón,,χon,noun,xón,xon,sound ,
xonák,,χɔˈnak,noun,xonák,xonak,music ,
xonfít̄,,χɔnˈfiθ,noun,xonafít̄,xonafit̄,musical note ,
xoníphimro,,χɔˈniɸɪmɾo,noun,xonípimro,xonipimoro,accent ,
xont̄yú,,χɔnˈθju,verb,xonot̄yú,xonot̄iyu,laugh ,
xonú,,χɔˈnu,verb,xonú,xonu,hear; listen ,
xonúš,,χɔˈnuʃ,noun,xónuš,xonuš,ear ,
xóŋ,,χoŋ,adjective; adverb,axóŋ,axoŋ,original; native; indigenous ,
xoŋkám,,χɔŋˈkam,noun,xonakámo,xonakamo,musician ,
xoŋkíčke,,χɔŋˈkitʃkɛ,noun,xonakíčke,xonakičike,musical instrument ,
xórva,,ˈχoɾvə,conjunction; adjective; adverb,xóruba,xoruba,although; even; despite; while ,
xwá,,χwa,noun,xwá,xua,both; neither ,
yafít̄,,jəˈfiθ,noun,yafít̄,uyafit̄,frequency ,
akášŋ,,əˈkaʃŋ̍,adjective; adverb,hayakášŋ,hay'kaš'ŋ,far,"far in time, as in far past or far future"
yakášŋ,,jəˈkaʃŋ̍,adjective; adverb,yakášŋ,yakaš'ŋ,close,close in time
yákn,,ˈjakn,noun,yákn,yak'n,time ,
yalátama,,jəˈlatəma,noun,yalátama,iyalatama,kitchen ,
yám,,jam,noun,yám,yam,effort; attempt; test ,
yamú,,jəˈmu,verb,yamú,yamu,try; attempt ,
yánaš,,ˈjanəʃ,noun,yánaš,iyanaš,stomach; abdomen ,
yáne,,ˈjanɛ,conjunction,yane,yane,but; however; yet ,
yánlagan,,ˈjanləɡan,noun,yánalagan,yanalagan,ab; abdominal muscle ,
yánlatama,,ˈjanlatəma,noun,yanulátama,iyanulatama,dining room ,
yanú,,jəˈnu,verb,yanú,iyanu,eat ,
yáŋ,,jaŋ,adjective; adverb,yáŋ,iyaŋ,hungry ,
yasám,,jəˈsam,noun,yasámi,yasami,respect; dignity ,
yavú,,jəˈvu,verb,yabú,yabu,like; enjoy,to be attracted to
yékra,,ˈjekɾə,noun,yékra,yek'ra,South ,
yúkra,,ˈjukɾə,noun,yúkra,yuk'ra,North ,
žál,,ʒal,noun,zayál,zayal,level; rank; grade; degree ,
zékra,,ˈzekɾə,noun,zékra,zek'ra,West ,
žéma,,ˈʒemə,conjunction,žéma,žema,because; since; as ,
žík,,ʒik,preposition; conjunction,ažík,ažik,until,
žl̠áš,,ʒʟaʃ,noun,žl̠áš,ž'l̠aš',hair; fur ,
žúko,,ˈʒukɔ,noun,žúko,žuko,reason; cause ,
zúkra,,ˈzukɾə,noun,zúkra,žuk'ra,East ,
zúŋ,,zuŋ,adjective,zum,zum,this ,
,,,pronoun,xam,xamo,you,archaic second person plural pronoun. Phased out after Middle Ammro
,,,,,,,
,,,,,,,
,,,,,,,
